{"IcoMoonType":"selection","icons":[{"icon":{"paths":["M738 470h72q0 108-75 189t-181 97v140h-84v-140q-106-16-181-97t-75-189h72q0 94 67 155t159 61 159-61 67-155zM512 598q-52 0-90-38t-38-90v-256q0-52 38-90t90-38 90 38 38 90v256q0 52-38 90t-90 38z"],"attrs":[],"isMulticolor":false,"isMulticolor2":false,"tags":["mic"],"grid":24},"attrs":[],"properties":{"ligatures":"mic","id":16,"order":3,"prevSize":24,"code":59648,"name":"mic"},"setIdx":0,"setId":0,"iconIdx":16},{"icon":{"paths":["M768 342v-86h-512v86h512zM598 598v-86h-342v86h342zM256 384v86h512v-86h-512zM854 86q34 0 59 25t25 59v512q0 34-25 60t-59 26h-598l-170 170v-768q0-34 25-59t59-25h684z"],"attrs":[],"isMulticolor":false,"isMulticolor2":false,"tags":["chat"],"grid":24},"attrs":[],"properties":{"ligatures":"chat","id":95,"order":2,"prevSize":24,"code":59649,"name":"chat"},"setIdx":0,"setId":0,"iconIdx":95},{"icon":{"paths":["M704 256h64v490q0 98-68 167t-166 69-167-69-69-167v-532q0-70 51-121t121-51 120 51 50 121v448q0 44-31 75t-75 31-76-31-32-75v-406h64v406q0 18 13 30t31 12 30-12 12-30v-448q0-44-31-76t-75-32-76 32-32 76v532q0 70 51 121t121 51 120-51 50-121v-490z"],"attrs":[],"isMulticolor":false,"isMulticolor2":false,"tags":["attach_file"],"grid":24},"attrs":[],"properties":{"ligatures":"attach_file","id":250,"order":4,"prevSize":24,"code":59650,"name":"attach_file"},"setIdx":0,"setId":0,"iconIdx":250},{"icon":{"paths":["M512 682q34 0 60 26t26 60-26 60-60 26-60-26-26-60 26-60 60-26zM512 426q34 0 60 26t26 60-26 60-60 26-60-26-26-60 26-60 60-26zM512 342q-34 0-60-26t-26-60 26-60 60-26 60 26 26 60-26 60-60 26z"],"attrs":[],"isMulticolor":false,"isMulticolor2":false,"tags":["more_vert"],"grid":24},"attrs":[],"properties":{"ligatures":"more_vert","id":602,"order":5,"prevSize":24,"code":59651,"name":"more_vert"},"setIdx":0,"setId":0,"iconIdx":602},{"icon":{"paths":["M406 598q80 0 136-56t56-136-56-136-136-56-136 56-56 136 56 136 136 56zM662 598l212 212-64 64-212-212v-34l-12-12q-76 66-180 66-116 0-197-80t-81-196 81-197 197-81 196 81 80 197q0 42-20 95t-46 85l12 12h34z"],"attrs":[],"isMulticolor":false,"isMulticolor2":false,"tags":["search"],"grid":24},"attrs":[],"properties":{"ligatures":"search","id":789,"order":6,"prevSize":24,"code":59652,"name":"search"},"setIdx":0,"setId":0,"iconIdx":789},{"icon":{"paths":["M554 808q96-14 169-86t87-168h128q-16 160-120 265t-264 119v-130zM810 470q-14-96-87-168t-169-86v-130q160 16 264 120t120 264h-128zM470 216q-100 16-178 102t-78 194 78 194 178 102v130q-162-16-273-138t-111-288 111-288 273-138v130z"],"attrs":[],"isMulticolor":false,"isMulticolor2":false,"tags":["donut_large"],"grid":24},"attrs":[],"properties":{"ligatures":"donut_large","id":873,"order":8,"prevSize":24,"code":59653,"name":"donut_large"},"setIdx":0,"setId":0,"iconIdx":873},{"icon":{"paths":["M512 544q52 0 98 11t82 27 56 48 20 68v70h-512v-68q0-38 20-70t56-48 82-27 98-11zM170 554q36 0 61-25t25-59q0-36-25-61t-61-25q-34 0-59 25t-25 61q0 34 25 59t59 25zM218 602q-10-2-22-3t-26-1q-32 0-61 6t-57 18q-24 10-38 32t-14 48v66h192v-68q0-52 26-98zM854 554q34 0 59-25t25-59q0-36-25-61t-59-25q-36 0-61 25t-25 61q0 34 25 59t61 25zM1024 702q0-26-14-48t-38-32q-28-12-57-18t-61-6q-14 0-26 1t-22 3q26 46 26 98v68h192v-66zM512 256q36 0 65 17t46 46 17 65-17 65-46 46-65 17-65-17-46-46-17-65 17-65 46-46 65-17z"],"attrs":[],"isMulticolor":false,"isMulticolor2":false,"tags":["groups"],"grid":24},"attrs":[],"properties":{"ligatures":"groups","id":1405,"order":9,"prevSize":24,"code":59654,"name":"groups"},"setIdx":0,"setId":0,"iconIdx":1405}],"height":1024,"metadata":{"name":"icomoon"},"preferences":{"showGlyphs":true,"showCodes":true,"showQuickUse":true,"showQuickUse2":true,"showSVGs":true,"fontPref":{"prefix":"icon-","metadata":{"fontFamily":"icomoon"},"metrics":{"emSize":1024,"baseline":6.25,"whitespace":50},"embed":false,"autoHost":true},"imagePref":{"prefix":"icon-","png":true,"useClassSelector":true,"color":0,"bgColor":16777215},"historySize":50,"quickUsageToken":{"Whatsapp":"Yjk4MTM0ODAwOTBkNmNjNWUxY2FmNGQyODdkNzQyMGYjMSMxNjg0MjI3MzkxIyMjZTllM2M5MmViMWM0"}}}